{"coco/AP": 0.7566738426209888, "coco/AP .5": 1.0, "coco/AP .75": 0.9702970297029703, "coco/AP (M)": -1.0, "coco/AP (L)": 0.7566738426209888, "coco/AR": 0.780952380952381, "coco/AR .5": 1.0, "coco/AR .75": 0.9761904761904762, "coco/AR (M)": -1.0, "coco/AR (L)": 0.780952380952381, "PCK": 0.976190476190476, "AUC": 0.1290249433106576, "NME": 0.04034151349748884, "data_time": 1.3691232999165852, "time": 1.5624502102533977}