{"coco/bbox_mAP": 0.802, "coco/bbox_mAP_50": 0.967, "coco/bbox_mAP_75": 0.967, "coco/bbox_mAP_s": -1.0, "coco/bbox_mAP_m": -1.0, "coco/bbox_mAP_l": 0.802, "data_time": 0.38971486958590423, "time": 0.5233574347062544}